name,description,executor_id,order_id,executed_at
Task#1,Some Description,1,1,2019-03-11
Task#2,Some Description,2,2,2019-01-01
Task#3,Some Description,1,3,2019-02-10
Task#4,Some Description,2,4,2019-01-23
Task#5,Some Description,1,5,2019-01-07
Task#6,Some Description,2,6,2019-03-12
Task#7,Some Description,2,7,2019-03-12
Task#8,Some Description,2,8,2019-03-12
Task#9,Some Description,2,9,2019-03-12
Task#10,Some Description,2,10,2019-03-12
Task#11,Some Description,2,11,2019-03-12
Task#12,Some Description,2,12,2019-03-12
Task#13,Some Description,2,13,2019-03-12
Task#14,Some Description,2,14,2019-03-12
Task#15,Some Description,2,15,2019-03-12
Task#16,Some Description,2,16,2019-03-12
Task#17,Some Description,2,17,2019-03-12
Task#18,Some Description,2,18,2019-03-12
Task#19,Some Description,2,30,2019-03-12
Task#20,Some Description,2,31,2019-03-12
Task#21,Some Description,2,32,2019-03-12
Task#22,Some Description,2,33,2019-03-12